brodster_plays,ede46110-d52b-49f3-9832-e61bbe2dc0b9
_xxloganxx_,cdd7f10d-0552-4b78-a3cc-b012202ecca5
ajokester,abed3a2c-6ff5-40d0-877f-9dbcbd6ecdf5
craftethipo,130b892e-1418-4cc8-8474-6a0b3caae1f7
pugmanplayz,45bd4ac6-e813-4f0d-a66c-59bd8c95b2bf
alexblahblah,1624ebb2-6e40-4166-aaa4-a286fd1d1a53
wizardx,51a9b7c7-c98c-4384-96e6-880bd9aa1e49
methamatic,101ad971-099b-4459-9a65-95cda18b0b33
nerdsgame2,6250ab95-6984-4eab-b51f-c7d95b1a5364
methamatics,3122344d-07db-4b2a-8fee-f1d8ff9e438c
im2bz,1969c8dd-f4ab-4cee-a28f-d9a4ecd80c70
